insert into Usuario(ID,ACTIVO,APELLIDOS,EMAIL,HASHED_AND_SALTED,IMAGEN,NOMBRE,PUNTUACION_MEDIA,ROL) values (1,TRUE,'Aguila','saguila@ucm.es','$2a$10$ld2WZ99kqW8C5x7cbnCzteYkGzN62waU.zeSvHeBgt2sa30gHnrZq','no-image','Sebastian',0,'user');
insert into Usuario(ID,ACTIVO,APELLIDOS,EMAIL,HASHED_AND_SALTED,IMAGEN,NOMBRE,PUNTUACION_MEDIA,ROL) values (2,TRUE,'Martin','luisfpal@ucm.es','$2a$10$ld2WZ99kqW8C5x7cbnCzteYkGzN62waU.zeSvHeBgt2sa30gHnrZq','no-image','Luis',0,'admin');
insert into Usuario(ID,ACTIVO,APELLIDOS,EMAIL,HASHED_AND_SALTED,IMAGEN,NOMBRE,PUNTUACION_MEDIA,ROL) values (3,TRUE,'Ramirez','peperam@ucm.es','$2a$10$ld2WZ99kqW8C5x7cbnCzteYkGzN62waU.zeSvHeBgt2sa30gHnrZq','no-image','Pepe',0,'user');
insert into Usuario(ID,ACTIVO,APELLIDOS,EMAIL,HASHED_AND_SALTED,IMAGEN,NOMBRE,PUNTUACION_MEDIA,ROL) values (4,TRUE,'Perez','naperez@ucm.es','$2a$10$ld2WZ99kqW8C5x7cbnCzteYkGzN62waU.zeSvHeBgt2sa30gHnrZq','no-image','Natalia',0,'user');
insert into Usuario(ID,ACTIVO,APELLIDOS,EMAIL,HASHED_AND_SALTED,IMAGEN,NOMBRE,PUNTUACION_MEDIA,ROL) values (5,TRUE,'Gomez','polol@ucm.es','$2a$10$ld2WZ99kqW8C5x7cbnCzteYkGzN62waU.zeSvHeBgt2sa30gHnrZq','no-image','Jaime',0,'profesor');
insert into Usuario(ID,ACTIVO,APELLIDOS,EMAIL,HASHED_AND_SALTED,IMAGEN,NOMBRE,PUNTUACION_MEDIA,ROL) values (6,TRUE,'Martin','asderl@ucm.es','$2a$10$ld2WZ99kqW8C5x7cbnCzteYkGzN62waU.zeSvHeBgt2sa30gHnrZq','no-image','Cristian',0,'admin');
insert into Usuario(ID,ACTIVO,APELLIDOS,EMAIL,HASHED_AND_SALTED,IMAGEN,NOMBRE,PUNTUACION_MEDIA,ROL) values (7,TRUE,'Pinto','tuiyo@ucm.es','$2a$10$ld2WZ99kqW8C5x7cbnCzteYkGzN62waU.zeSvHeBgt2sa30gHnrZq','no-image','Sebas',0,'user');
insert into Usuario(ID,ACTIVO,APELLIDOS,EMAIL,HASHED_AND_SALTED,IMAGEN,NOMBRE,PUNTUACION_MEDIA,ROL) values (8,TRUE,'Lozano','lililo@ucm.es','$2a$10$ld2WZ99kqW8C5x7cbnCzteYkGzN62waU.zeSvHeBgt2sa30gHnrZq','no-image','Ramiro',0,'user');
insert into Usuario(ID,ACTIVO,APELLIDOS,EMAIL,HASHED_AND_SALTED,IMAGEN,NOMBRE,PUNTUACION_MEDIA,ROL) values (9,TRUE,'Sanchez','jujipo@ucm.es','$2a$10$ld2WZ99kqW8C5x7cbnCzteYkGzN62waU.zeSvHeBgt2sa30gHnrZq','no-image','Jaime',0,'profesor');
insert into Usuario(ID,ACTIVO,APELLIDOS,EMAIL,HASHED_AND_SALTED,IMAGEN,NOMBRE,PUNTUACION_MEDIA,ROL) values (10,TRUE,'Gutierrez','qerty@ucm.es','$2a$10$ld2WZ99kqW8C5x7cbnCzteYkGzN62waU.zeSvHeBgt2sa30gHnrZq','no-image','Luis',0,'admin');
insert into Usuario(ID,ACTIVO,APELLIDOS,EMAIL,HASHED_AND_SALTED,IMAGEN,NOMBRE,PUNTUACION_MEDIA,ROL) values (11,TRUE,'Perales','eraste@ucm.es','$2a$10$ld2WZ99kqW8C5x7cbnCzteYkGzN62waU.zeSvHeBgt2sa30gHnrZq','no-image','Pepe',0,'user');
insert into Usuario(ID,ACTIVO,APELLIDOS,EMAIL,HASHED_AND_SALTED,IMAGEN,NOMBRE,PUNTUACION_MEDIA,ROL) values (12,TRUE,'Dolores','mimulo@ucm.es','$2a$10$ld2WZ99kqW8C5x7cbnCzteYkGzN62waU.zeSvHeBgt2sa30gHnrZq','no-image','Natalia',0,'user');
insert into Usuario(ID,ACTIVO,APELLIDOS,EMAIL,HASHED_AND_SALTED,IMAGEN,NOMBRE,PUNTUACION_MEDIA,ROL) values (13,TRUE,'Carreras','sedol@ucm.es','$2a$10$ld2WZ99kqW8C5x7cbnCzteYkGzN62waU.zeSvHeBgt2sa30gHnrZq','no-image','Jorge',0,'profesor');
insert into Usuario(ID,ACTIVO,APELLIDOS,EMAIL,HASHED_AND_SALTED,IMAGEN,NOMBRE,PUNTUACION_MEDIA,ROL) values (14,TRUE,'Pardo','asquirol@ucm.es','$2a$10$ld2WZ99kqW8C5x7cbnCzteYkGzN62waU.zeSvHeBgt2sa30gHnrZq','no-image','Gema',0,'admin');
insert into Usuario(ID,ACTIVO,APELLIDOS,EMAIL,HASHED_AND_SALTED,IMAGEN,NOMBRE,PUNTUACION_MEDIA,ROL) values (15,TRUE,'Alonso','mendo@ucm.es','$2a$10$ld2WZ99kqW8C5x7cbnCzteYkGzN62waU.zeSvHeBgt2sa30gHnrZq','no-image','Paula',0,'user');
insert into Usuario(ID,ACTIVO,APELLIDOS,EMAIL,HASHED_AND_SALTED,IMAGEN,NOMBRE,PUNTUACION_MEDIA,ROL) values (16,TRUE,'Jimenez','apolono@ucm.es','$2a$10$ld2WZ99kqW8C5x7cbnCzteYkGzN62waU.zeSvHeBgt2sa30gHnrZq','no-image','Rosa',0,'user');
insert into Usuario(ID,ACTIVO,APELLIDOS,EMAIL,HASHED_AND_SALTED,IMAGEN,NOMBRE,PUNTUACION_MEDIA,ROL) values (17,TRUE,'Ferrero','jolonano@ucm.es','$2a$10$ld2WZ99kqW8C5x7cbnCzteYkGzN62waU.zeSvHeBgt2sa30gHnrZq','no-image','Anastasia',0,'profesor');
insert into Usuario(ID,ACTIVO,APELLIDOS,EMAIL,HASHED_AND_SALTED,IMAGEN,NOMBRE,PUNTUACION_MEDIA,ROL) values (18,TRUE,'Prats','comilo@ucm.es','$2a$10$ld2WZ99kqW8C5x7cbnCzteYkGzN62waU.zeSvHeBgt2sa30gHnrZq','no-image','Elena',0,'profesor');
insert into Usuario(ID,ACTIVO,APELLIDOS,EMAIL,HASHED_AND_SALTED,IMAGEN,NOMBRE,PUNTUACION_MEDIA,ROL) values (19,TRUE,'Lopez','juapal@ucm.es','$2a$10$ld2WZ99kqW8C5x7cbnCzteYkGzN62waU.zeSvHeBgt2sa30gHnrZq','no-image','Manuel',0,'user');
insert into Usuario(ID,ACTIVO,APELLIDOS,EMAIL,HASHED_AND_SALTED,IMAGEN,NOMBRE,PUNTUACION_MEDIA,ROL) values (20,TRUE,'Pardo','termal@ucm.es','$2a$10$ld2WZ99kqW8C5x7cbnCzteYkGzN62waU.zeSvHeBgt2sa30gHnrZq','no-image','Juan',0,'user');
insert into Asignatura(ID,ANIO,GRUPO,NOMBRE) values (1,2015,'primero','MMI');
insert into Asignatura(ID,ANIO,GRUPO,NOMBRE) values (2,2014,'tercero','IW');
insert into Asignatura(ID,ANIO,GRUPO,NOMBRE) values (3,2012,'segundo','IS');
insert into Asignatura(ID,ANIO,GRUPO,NOMBRE) values (4,2013,'tercero','TAIS');
insert into Asignatura(ID,ANIO,GRUPO,NOMBRE) values (5,2015,'tercero','RED');
insert into Asignatura(ID,ANIO,GRUPO,NOMBRE) values (6,2014,'perimero','MDL');
insert into Asignatura(ID,ANIO,GRUPO,NOMBRE) values (7,2013,'tercero','MS');
insert into Asignatura(ID,ANIO,GRUPO,NOMBRE) values (8,2011,'tercero','MOG');
insert into Asignatura(ID,ANIO,GRUPO,NOMBRE) values (9,2013,'tercero','PP');
insert into Asignatura(ID,ANIO,GRUPO,NOMBRE) values (10,2015,'segundo','EDA');
insert into Asignatura(ID,ANIO,GRUPO,NOMBRE) values (11,2014,'segundo','TP');
insert into Asignatura(ID,ANIO,GRUPO,NOMBRE) values (12,2015,'segundo','TOC');
insert into Asignatura(ID,ANIO,GRUPO,NOMBRE) values (13,2013,'segundo','AM');
insert into Mensaje_Moderacion(ID,ID_EMISOR,MENSAJE,MOTIVO) values (1,1,'Tengo un problema', 'error');
insert into Mensaje_Moderacion(ID,ID_EMISOR,MENSAJE,MOTIVO) values (2,7,'No puedo acceder', 'problema');
insert into Mensaje_Moderacion(ID,ID_EMISOR,MENSAJE,MOTIVO) values (3,12,'Servidor inestable', 'ayuda');
insert into Mensaje_Moderacion(ID,ID_EMISOR,MENSAJE,MOTIVO) values (4,5,'Usuario inapropiado', 'expulsion');
insert into Votacion(ID,COMENTARIO,FECHA,ID_EMISOR,ID_RECEPTOR) values(1,'2011-01-18 00:00:00.0', 1,9,'votacion');
insert into Votacion(ID,COMENTARIO,FECHA,ID_EMISOR,ID_RECEPTOR) values(2,'2011-01-18 00:00:00.0', 9,1,'votacion');
insert into Votacion(ID,COMENTARIO,FECHA,ID_EMISOR,ID_RECEPTOR) values(3,'2011-01-18 00:00:00.0', 13,15,'votacion');
insert into Votacion(ID,COMENTARIO,FECHA,ID_EMISOR,ID_RECEPTOR) values(4,'2011-01-18 00:00:00.0', 15,13,'votacion');
insert into VOTACION_CATEGORIA(VOTACION,CATEGORIA) VALUES ();
insert into VOTACION_CATEGORIA(VOTACION,CATEGORIA) VALUES ();
insert into VOTACION_CATEGORIA(VOTACION,CATEGORIA) VALUES ();
insert into VOTACION_CATEGORIA(VOTACION,CATEGORIA) VALUES ();
insert into VOTACION_CATEGORIA(VOTACION,CATEGORIA) VALUES ();
insert into VOTACION_CATEGORIA(VOTACION,CATEGORIA) VALUES ();
insert into Categoria(ID_VOTACION,CATEGORIA,PUNTUACION) values(1,'categoria1',5);
insert into Categoria(ID_VOTACION,CATEGORIA,PUNTUACION) values(1,'categoria2',3);
insert into Categoria(ID_VOTACION,CATEGORIA,PUNTUACION) values(1,'categoria3',1);
insert into Categoria(ID_VOTACION,CATEGORIA,PUNTUACION) values(1,'categoria4',2);
insert into Categoria(ID_VOTACION,CATEGORIA,PUNTUACION) values(2,'categoria1',5);
insert into Categoria(ID_VOTACION,CATEGORIA,PUNTUACION) values(2,'categoria2',3);
insert into Categoria(ID_VOTACION,CATEGORIA,PUNTUACION) values(2,'categoria3',1);
insert into Categoria(ID_VOTACION,CATEGORIA,PUNTUACION) values(3,'categoria4',2);
insert into Categoria(ID_VOTACION,CATEGORIA,PUNTUACION) values(3,'categoria1',5);
insert into Categoria(ID_VOTACION,CATEGORIA,PUNTUACION) values(4,'categoria2',3);
insert into Categoria(ID_VOTACION,CATEGORIA,PUNTUACION) values(4,'categoria3',1);
insert into Categoria(ID_VOTACION,CATEGORIA,PUNTUACION) values(4,'categoria4',2);