insert into Usuario(ID,ACTIVO,APELLIDOS,EMAIL,HASHED_AND_SALTED,IMAGEN,NOMBRE,PUNTUACION,ROL) values (1,TRUE,'Aguila','saguila@ucm.es','$2a$10$ld2WZ99kqW8C5x7cbnCzteYkGzN62waU.zeSvHeBgt2sa30gHnrZq','no-image','Sebastian',0,'user');
insert into Usuario(ID,ACTIVO,APELLIDOS,EMAIL,HASHED_AND_SALTED,IMAGEN,NOMBRE,PUNTUACION,ROL) values (2,TRUE,'Martin','luisfpal@ucm.es','$2a$10$ld2WZ99kqW8C5x7cbnCzteYkGzN62waU.zeSvHeBgt2sa30gHnrZq','no-image','Luis',0,'admin');
insert into Usuario(ID,ACTIVO,APELLIDOS,EMAIL,HASHED_AND_SALTED,IMAGEN,NOMBRE,PUNTUACION,ROL) values (3,TRUE,'Ramirez','peperam@ucm.es','$2a$10$ld2WZ99kqW8C5x7cbnCzteYkGzN62waU.zeSvHeBgt2sa30gHnrZq','no-image','Pepe',0,'user');
insert into Usuario(ID,ACTIVO,APELLIDOS,EMAIL,HASHED_AND_SALTED,IMAGEN,NOMBRE,PUNTUACION,ROL) values (4,TRUE,'Perez','naperez@ucm.es','$2a$10$ld2WZ99kqW8C5x7cbnCzteYkGzN62waU.zeSvHeBgt2sa30gHnrZq','no-image','Natalia',0,'user');
insert into Usuario(ID,ACTIVO,APELLIDOS,EMAIL,HASHED_AND_SALTED,IMAGEN,NOMBRE,PUNTUACION,ROL) values (5,TRUE,'Gomez','polol@ucm.es','$2a$10$ld2WZ99kqW8C5x7cbnCzteYkGzN62waU.zeSvHeBgt2sa30gHnrZq','no-image','Jaime',0,'profesor');
insert into Usuario(ID,ACTIVO,APELLIDOS,EMAIL,HASHED_AND_SALTED,IMAGEN,NOMBRE,PUNTUACION,ROL) values (6,TRUE,'Pinto','cripinto@ucm.es','$2a$10$ld2WZ99kqW8C5x7cbnCzteYkGzN62waU.zeSvHeBgt2sa30gHnrZq','no-image','Cristian',0,'user');
insert into Usuario(ID,ACTIVO,APELLIDOS,EMAIL,HASHED_AND_SALTED,IMAGEN,NOMBRE,PUNTUACION,ROL) values (7,TRUE,'Pinto','tuiyo@ucm.es','$2a$10$ld2WZ99kqW8C5x7cbnCzteYkGzN62waU.zeSvHeBgt2sa30gHnrZq','no-image','Sebas',0,'user');
insert into Usuario(ID,ACTIVO,APELLIDOS,EMAIL,HASHED_AND_SALTED,IMAGEN,NOMBRE,PUNTUACION,ROL) values (8,TRUE,'Lozano','lililo@ucm.es','$2a$10$ld2WZ99kqW8C5x7cbnCzteYkGzN62waU.zeSvHeBgt2sa30gHnrZq','no-image','Ramiro',0,'user');
insert into Usuario(ID,ACTIVO,APELLIDOS,EMAIL,HASHED_AND_SALTED,IMAGEN,NOMBRE,PUNTUACION,ROL) values (9,TRUE,'Sanchez','jujipo@ucm.es','$2a$10$ld2WZ99kqW8C5x7cbnCzteYkGzN62waU.zeSvHeBgt2sa30gHnrZq','no-image','Jaime',0,'profesor');
insert into Usuario(ID,ACTIVO,APELLIDOS,EMAIL,HASHED_AND_SALTED,IMAGEN,NOMBRE,PUNTUACION,ROL) values (10,TRUE,'Gutierrez','qerty@ucm.es','$2a$10$ld2WZ99kqW8C5x7cbnCzteYkGzN62waU.zeSvHeBgt2sa30gHnrZq','no-image','Luis',0,'admin');
insert into Usuario(ID,ACTIVO,APELLIDOS,EMAIL,HASHED_AND_SALTED,IMAGEN,NOMBRE,PUNTUACION,ROL) values (11,TRUE,'Perales','eraste@ucm.es','$2a$10$ld2WZ99kqW8C5x7cbnCzteYkGzN62waU.zeSvHeBgt2sa30gHnrZq','no-image','Pepe',0,'user');
insert into Usuario(ID,ACTIVO,APELLIDOS,EMAIL,HASHED_AND_SALTED,IMAGEN,NOMBRE,PUNTUACION,ROL) values (12,TRUE,'Dolores','mimulo@ucm.es','$2a$10$ld2WZ99kqW8C5x7cbnCzteYkGzN62waU.zeSvHeBgt2sa30gHnrZq','no-image','Natalia',0,'user');
insert into Usuario(ID,ACTIVO,APELLIDOS,EMAIL,HASHED_AND_SALTED,IMAGEN,NOMBRE,PUNTUACION,ROL) values (13,TRUE,'Carreras','sedol@ucm.es','$2a$10$ld2WZ99kqW8C5x7cbnCzteYkGzN62waU.zeSvHeBgt2sa30gHnrZq','no-image','Jorge',0,'profesor');
insert into Usuario(ID,ACTIVO,APELLIDOS,EMAIL,HASHED_AND_SALTED,IMAGEN,NOMBRE,PUNTUACION,ROL) values (14,TRUE,'Pardo','asquirol@ucm.es','$2a$10$ld2WZ99kqW8C5x7cbnCzteYkGzN62waU.zeSvHeBgt2sa30gHnrZq','no-image','Gema',0,'admin');
insert into Usuario(ID,ACTIVO,APELLIDOS,EMAIL,HASHED_AND_SALTED,IMAGEN,NOMBRE,PUNTUACION,ROL) values (15,TRUE,'Freire','manuel.freire@ucm.es','$2a$10$ld2WZ99kqW8C5x7cbnCzteYkGzN62waU.zeSvHeBgt2sa30gHnrZq','no-image','Manuel',0,'profesor');
insert into Usuario(ID,ACTIVO,APELLIDOS,EMAIL,HASHED_AND_SALTED,IMAGEN,NOMBRE,PUNTUACION,ROL) values (16,TRUE,'Jimenez','apolono@ucm.es','$2a$10$ld2WZ99kqW8C5x7cbnCzteYkGzN62waU.zeSvHeBgt2sa30gHnrZq','no-image','Rosa',0,'user');
insert into Usuario(ID,ACTIVO,APELLIDOS,EMAIL,HASHED_AND_SALTED,IMAGEN,NOMBRE,PUNTUACION,ROL) values (17,TRUE,'Ferrero','jolonano@ucm.es','$2a$10$ld2WZ99kqW8C5x7cbnCzteYkGzN62waU.zeSvHeBgt2sa30gHnrZq','no-image','Anastasia',0,'profesor');
insert into Usuario(ID,ACTIVO,APELLIDOS,EMAIL,HASHED_AND_SALTED,IMAGEN,NOMBRE,PUNTUACION,ROL) values (18,TRUE,'Prats','comilo@ucm.es','$2a$10$ld2WZ99kqW8C5x7cbnCzteYkGzN62waU.zeSvHeBgt2sa30gHnrZq','no-image','Elena',0,'profesor');
insert into Usuario(ID,ACTIVO,APELLIDOS,EMAIL,HASHED_AND_SALTED,IMAGEN,NOMBRE,PUNTUACION,ROL) values (19,TRUE,'Lopez','juapal@ucm.es','$2a$10$ld2WZ99kqW8C5x7cbnCzteYkGzN62waU.zeSvHeBgt2sa30gHnrZq','no-image','Manuel',0,'user');
insert into Usuario(ID,ACTIVO,APELLIDOS,EMAIL,HASHED_AND_SALTED,IMAGEN,NOMBRE,PUNTUACION,ROL) values (20,TRUE,'Pardo','termal@ucm.es','$2a$10$ld2WZ99kqW8C5x7cbnCzteYkGzN62waU.zeSvHeBgt2sa30gHnrZq','no-image','Juan',0,'user');
insert into Asignatura(ID,ANIO,GRUPO,NOMBRE) values (1,2015,'COMUN 1ºA','MMI');
insert into Asignatura(ID,ANIO,GRUPO,NOMBRE) values (2,2015,'OPTATIVA','IW');
insert into Asignatura(ID,ANIO,GRUPO,NOMBRE) values (3,2015,'INFORMATICA 2ºA','IS');
insert into Asignatura(ID,ANIO,GRUPO,NOMBRE) values (4,2015,'SOFTWARE 3ªA','TAIS');
insert into Asignatura(ID,ANIO,GRUPO,NOMBRE) values (5,2015,'SOFTWARE 3ºA','RED');
insert into Asignatura(ID,ANIO,GRUPO,NOMBRE) values (6,2015,'COMUN 1ºC','MDL');
insert into Asignatura(ID,ANIO,GRUPO,NOMBRE) values (7,2015,'SOFTWARE 3ºA','MS');
insert into Asignatura(ID,ANIO,GRUPO,NOMBRE) values (8,2015,'SOFTWARE 3ºA','MOG');
insert into Asignatura(ID,ANIO,GRUPO,NOMBRE) values (9,2015,'OPTATIVA','PP');
insert into Asignatura(ID,ANIO,GRUPO,NOMBRE) values (10,2015,'SOFTWARE 2ªB','EDA');
insert into Asignatura(ID,ANIO,GRUPO,NOMBRE) values (11,2014,'COMPUTADORES 2ºB','TP');
insert into Asignatura(ID,ANIO,GRUPO,NOMBRE) values (12,2015,'INFORMATICA 2ºA','TOC');
insert into Asignatura(ID,ANIO,GRUPO,NOMBRE) values (13,2013,'INFORMATICA 2ºA','AM');
insert into Mensaje_Moderacion(ID,ID_EMISOR,ID_VOTACION,MENSAJE,MOTIVO) values (1,1,1,'El profesor me dijo cosas feas','El profe me tiene mania! ;`(');
insert into Mensaje_Moderacion(ID,ID_EMISOR,ID_VOTACION,MENSAJE,MOTIVO) values (2,7,,'Me habeis hackeado la calculadora de windows', 'exijo un explicacion!');
insert into Mensaje_Moderacion(ID,ID_EMISOR,ID_VOTACION,MENSAJE,MOTIVO) values (3,12,,'Servidor inestable', 'ayuda');
insert into Mensaje_Moderacion(ID,ID_EMISOR,ID_VOTACION,MENSAJE,MOTIVO) values (4,5,2,'Ha votado a su profesora sin conocerla', 'VOTACION INJUSTA');
insert into USUARIO_ASIGNATURAS(USUARIO,ASIGNATURA) values (1,2);
insert into USUARIO_ASIGNATURAS(USUARIO,ASIGNATURA) values (1,7);
insert into USUARIO_ASIGNATURAS(USUARIO,ASIGNATURA) values (6,2);
insert into USUARIO_ASIGNATURAS(USUARIO,ASIGNATURA) values (6,9);
insert into USUARIO_ASIGNATURAS(USUARIO,ASIGNATURA) values (17,9);
insert into USUARIO_ASIGNATURAS(USUARIO,ASIGNATURA) values (15,2);
insert into Votacion(ID,COMENTARIO,FECHA,ID_EMISOR,ID_RECEPTOR,PUNTUACION_MEDIA) values(1,'Este alumno es un mequetrefe','2015-12-18 00:00:00.0',15,1,0);
insert into Votacion(ID,COMENTARIO,FECHA,ID_EMISOR,ID_RECEPTOR,PUNTUACION_MEDIA) values(2,'Yo no conozco a esa señora ...','2015-01-18 00:00:00.0',6,17,0);
insert into Votacion(ID,COMENTARIO,FECHA,ID_EMISOR,ID_RECEPTOR,PUNTUACION_MEDIA) values(3,'Me gusta la asignatura pero somos 15mil en clase','2015-01-20 00:00:00.0',1,15,5);
insert into Categoria(ID_VOTACION,CATEGORIA,PUNTUACION) values(1,'PUNTUALIDAD',0);
insert into Categoria(ID_VOTACION,CATEGORIA,PUNTUACION) values(1,'CONOCIMIENTOS',0);
insert into Categoria(ID_VOTACION,CATEGORIA,PUNTUACION) values(2,'EXPLICACION',0);
insert into Categoria(ID_VOTACION,CATEGORIA,PUNTUACION) values(2,'COMPRENSION',0);
insert into Categoria(ID_VOTACION,CATEGORIA,PUNTUACION) values(2,'HONESTIDAD',0);
insert into Categoria(ID_VOTACION,CATEGORIA,PUNTUACION) values(2,'COOPERACION',0);
insert into Categoria(ID_VOTACION,CATEGORIA,PUNTUACION) values(2,'PREOCUPACION',0);
insert into Categoria(ID_VOTACION,CATEGORIA,PUNTUACION) values(3,'DECISION',5);
insert into Categoria(ID_VOTACION,CATEGORIA,PUNTUACION) values(3,'EMPATISMO',5);
insert into Categoria(ID_VOTACION,CATEGORIA,PUNTUACION) values(3,'DEDICACION',5);
insert into Categoria(ID_VOTACION,CATEGORIA,PUNTUACION) values(3,'CREATIVIDAD',5);
insert into Categoria(ID_VOTACION,CATEGORIA,PUNTUACION) values(3,'RESPONSABILIDAD',5);
insert into Categoria(ID_VOTACION,CATEGORIA,PUNTUACION) values(3,'FLEXIBILIDAD',5);
insert into Categoria(ID_VOTACION,CATEGORIA,PUNTUACION) values(3,'CAUTIVACION',5);